<?xml version="1.0" encoding="UTF-8"?>
<project-private xmlns="http://www.netbeans.org/ns/project-private/1">
    <editor-bookmarks xmlns="http://www.netbeans.org/ns/editor-bookmarks/2" lastBookmarkId="0"/>
    <open-files xmlns="http://www.netbeans.org/ns/projectui-open-files/2">
        <group>
            <file>file:/C:/Users/LEONARDO%20ACUÑA/Documents/NetBeansProjects/taller%203/src/punto4/codigo_punto4.java</file>
            <file>file:/C:/Users/LEONARDO%20ACUÑA/Documents/NetBeansProjects/taller%203/src/punto3/codigo_punto3.java</file>
            <file>file:/C:/Users/LEONARDO%20ACUÑA/Documents/NetBeansProjects/taller%203/src/punto1/pkg3/punto_1.java</file>
            <file>file:/C:/Users/LEONARDO%20ACUÑA/Documents/NetBeansProjects/taller%203/src/punto5/codigo_punto5.java</file>
        </group>
    </open-files>
</project-private>
